{
  "project_info": {
    "project_number": "1049699819506",
    "project_id": "stackfood-bd3ee",
    "storage_bucket": "stackfood-bd3ee.appspot.com"
  },
  "client": [
    {
      "client_info": {
        "mobilesdk_app_id": "1:1049699819506:android:490a8d64ef54403889956b",
        "android_client_info": {
          "package_name": "com.sixamtech.stack_food_delivery"
        }
      },
      "oauth_client": [
        {
          "client_id": "1049699819506-r9agjij7oigjssbffc2g6i2glegb21io.apps.googleusercontent.com",
          "client_type": 3
        }
      ],
      "api_key": [
        {
          "current_key": "AIzaSyBScz65YN8J9YoKdtKPl4ecCB3Vkc7iNL8"
        }
      ],
      "services": {
        "appinvite_service": {
          "other_platform_oauth_client": [
            {
              "client_id": "1049699819506-r9agjij7oigjssbffc2g6i2glegb21io.apps.googleusercontent.com",
              "client_type": 3
            }
          ]
        }
      }
    }
  ],
  "configuration_version": "1"
}